"page","missing_target","suggested_anchor","priority"
"/blog/(admin-login)/admin/login","/jaleco","jaleco profissional","low"
"/blog/(admin-login)/admin/login","/jaleco-feminino","jaleco feminino","low"
"/blog/(admin-login)/admin/login","/jaleco-masculino","jaleco masculino","low"
"/blog/[slug]","/jaleco","jaleco profissional","medium"
"/blog/[slug]","/jaleco-feminino","jaleco feminino","medium"
"/blog/[slug]","/jaleco-masculino","jaleco masculino","medium"
"/blog/admin/dashboard","/jaleco","jaleco profissional","low"
"/blog/admin/dashboard","/jaleco-feminino","jaleco feminino","low"
"/blog/admin/dashboard","/jaleco-masculino","jaleco masculino","low"
"/blog/admin/novo-post","/jaleco","jaleco profissional","low"
"/blog/admin/novo-post","/jaleco-feminino","jaleco feminino","low"
"/blog/admin/novo-post","/jaleco-masculino","jaleco masculino","low"
"/blog/admin","/jaleco","jaleco profissional","low"
"/blog/admin","/jaleco-feminino","jaleco feminino","low"
"/blog/admin","/jaleco-masculino","jaleco masculino","low"
"/blog/admin/posts","/jaleco","jaleco profissional","low"
"/blog/admin/posts","/jaleco-feminino","jaleco feminino","low"
"/blog/admin/posts","/jaleco-masculino","jaleco masculino","low"
"/blog/admin/usuarios","/jaleco","jaleco profissional","low"
"/blog/admin/usuarios","/jaleco-feminino","jaleco feminino","low"
"/blog/admin/usuarios","/jaleco-masculino","jaleco masculino","low"
"/blog/admin/variacoes/[slug]","/jaleco","jaleco profissional","low"
"/blog/admin/variacoes/[slug]","/jaleco-feminino","jaleco feminino","low"
"/blog/admin/variacoes/[slug]","/jaleco-masculino","jaleco masculino","low"
"/blog/admin/variacoes","/jaleco","jaleco profissional","low"
"/blog/admin/variacoes","/jaleco-feminino","jaleco feminino","low"
"/blog/admin/variacoes","/jaleco-masculino","jaleco masculino","low"
"/blog/como-cuidar-scrub-feminino","/jaleco","jaleco profissional","low"
"/blog/como-cuidar-scrub-feminino","/jaleco-feminino","jaleco feminino","low"
"/blog/como-cuidar-scrub-feminino","/jaleco-masculino","jaleco masculino","low"
"/blog/como-escolher-jaleco-feminino-guia-completo","/jaleco","jaleco profissional","medium"
"/blog/como-escolher-jaleco-feminino-guia-completo","/jaleco-feminino","jaleco feminino","high"
"/blog/como-escolher-jaleco-feminino-guia-completo","/jaleco-masculino","jaleco masculino","medium"
"/blog/como-lavar-jaleco-branco","/jaleco","jaleco profissional","medium"
"/blog/como-lavar-jaleco-branco","/jaleco-feminino","jaleco feminino","high"
"/blog/como-lavar-jaleco-branco","/jaleco-masculino","jaleco masculino","medium"
"/blog/comprar-jaleco-online-e-seguro","/jaleco","jaleco profissional","medium"
"/blog/comprar-jaleco-online-e-seguro","/jaleco-feminino","jaleco feminino","medium"
"/blog/comprar-jaleco-online-e-seguro","/jaleco-masculino","jaleco masculino","medium"
"/blog/guia-completo-jaleco-feminino","/jaleco","jaleco profissional","medium"
"/blog/guia-completo-jaleco-feminino","/jaleco-feminino","jaleco feminino","high"
"/blog/guia-completo-jaleco-feminino","/jaleco-masculino","jaleco masculino","medium"
"/blog/guia-completo-scrub-feminino","/jaleco","jaleco profissional","medium"
"/blog/guia-completo-scrub-feminino","/jaleco-feminino","jaleco feminino","medium"
"/blog/guia-completo-scrub-feminino","/jaleco-masculino","jaleco masculino","medium"
"/blog/guia-jaleco-para-dentista-modelos-cores-como-escolher","/jaleco","jaleco profissional","medium"
"/blog/guia-jaleco-para-dentista-modelos-cores-como-escolher","/jaleco-feminino","jaleco feminino","medium"
"/blog/guia-jaleco-para-dentista-modelos-cores-como-escolher","/jaleco-masculino","jaleco masculino","medium"
"/blog/guia-jaleco-por-especialidade","/jaleco","jaleco profissional","medium"
"/blog/guia-jaleco-por-especialidade","/jaleco-feminino","jaleco feminino","medium"
"/blog/guia-jaleco-por-especialidade","/jaleco-masculino","jaleco masculino","medium"
"/blog/jaleco-branco-profissional","/jaleco","jaleco profissional","medium"
"/blog/jaleco-branco-profissional","/jaleco-feminino","jaleco feminino","high"
"/blog/jaleco-branco-profissional","/jaleco-masculino","jaleco masculino","medium"
"/blog/jaleco-colorido-clinica","/jaleco","jaleco profissional","medium"
"/blog/jaleco-colorido-clinica","/jaleco-feminino","jaleco feminino","high"
"/blog/jaleco-colorido-clinica","/jaleco-masculino","jaleco masculino","medium"
"/blog/jaleco-colorido-permitido-hospital-regras","/jaleco","jaleco profissional","medium"
"/blog/jaleco-colorido-permitido-hospital-regras","/jaleco-feminino","jaleco feminino","high"
"/blog/jaleco-colorido-permitido-hospital-regras","/jaleco-masculino","jaleco masculino","medium"
"/blog/jaleco-elastano-vale-a-pena","/jaleco","jaleco profissional","medium"
"/blog/jaleco-elastano-vale-a-pena","/jaleco-feminino","jaleco feminino","high"
"/blog/jaleco-elastano-vale-a-pena","/jaleco-masculino","jaleco masculino","medium"
"/blog/jaleco-enfermeiro-semana-saude","/jaleco","jaleco profissional","medium"
"/blog/jaleco-enfermeiro-semana-saude","/jaleco-feminino","jaleco feminino","medium"
"/blog/jaleco-enfermeiro-semana-saude","/jaleco-masculino","jaleco masculino","medium"
"/blog/jaleco-estudante-medicina","/jaleco","jaleco profissional","medium"
"/blog/jaleco-estudante-medicina","/jaleco-feminino","jaleco feminino","high"
"/blog/jaleco-estudante-medicina","/jaleco-masculino","jaleco masculino","high"
"/blog/jaleco-feminino-branco-ou-colorido-qual-usar","/jaleco","jaleco profissional","medium"
"/blog/jaleco-feminino-branco-ou-colorido-qual-usar","/jaleco-feminino","jaleco feminino","high"
"/blog/jaleco-feminino-branco-ou-colorido-qual-usar","/jaleco-masculino","jaleco masculino","medium"
"/blog/jaleco-feminino-como-escolher-modelo-certo-especialidade","/jaleco","jaleco profissional","medium"
"/blog/jaleco-feminino-como-escolher-modelo-certo-especialidade","/jaleco-feminino","jaleco feminino","high"
"/blog/jaleco-feminino-como-escolher-modelo-certo-especialidade","/jaleco-masculino","jaleco masculino","medium"
"/blog/jaleco-feminino-gestante-como-escolher","/jaleco","jaleco profissional","medium"
"/blog/jaleco-feminino-gestante-como-escolher","/jaleco-feminino","jaleco feminino","high"
"/blog/jaleco-feminino-gestante-como-escolher","/jaleco-masculino","jaleco masculino","medium"
"/blog/jaleco-feminino-tamanho-certo","/jaleco","jaleco profissional","medium"
"/blog/jaleco-feminino-tamanho-certo","/jaleco-feminino","jaleco feminino","high"
"/blog/jaleco-feminino-tamanho-certo","/jaleco-masculino","jaleco masculino","medium"
"/blog/jaleco-feminino-tamanho-certo-como-medir","/jaleco","jaleco profissional","medium"
"/blog/jaleco-feminino-tamanho-certo-como-medir","/jaleco-feminino","jaleco feminino","high"
"/blog/jaleco-feminino-tamanho-certo-como-medir","/jaleco-masculino","jaleco masculino","medium"
"/blog/jaleco-manga-curta-clinica","/jaleco","jaleco profissional","medium"
"/blog/jaleco-manga-curta-clinica","/jaleco-feminino","jaleco feminino","high"
"/blog/jaleco-manga-curta-clinica","/jaleco-masculino","jaleco masculino","medium"
"/blog/jaleco-manga-curta-quando-usar-profissionais","/jaleco","jaleco profissional","medium"
"/blog/jaleco-manga-curta-quando-usar-profissionais","/jaleco-feminino","jaleco feminino","high"
"/blog/jaleco-manga-curta-quando-usar-profissionais","/jaleco-masculino","jaleco masculino","medium"
"/blog/jaleco-masculino-guia-completo","/jaleco","jaleco profissional","medium"
"/blog/jaleco-masculino-guia-completo","/jaleco-feminino","jaleco feminino","high"
"/blog/jaleco-masculino-guia-completo","/jaleco-masculino","jaleco masculino","high"
"/blog/jaleco-ou-scrub-consultorio","/jaleco","jaleco profissional","medium"
"/blog/jaleco-ou-scrub-consultorio","/jaleco-feminino","jaleco feminino","high"
"/blog/jaleco-ou-scrub-consultorio","/jaleco-masculino","jaleco masculino","medium"
"/blog/jaleco-para-enfermeira-regras-cofen","/jaleco","jaleco profissional","medium"
"/blog/jaleco-para-enfermeira-regras-cofen","/jaleco-feminino","jaleco feminino","high"
"/blog/jaleco-para-enfermeira-regras-cofen","/jaleco-masculino","jaleco masculino","medium"
"/blog/jaleco-para-esteticista-guia","/jaleco","jaleco profissional","medium"
"/blog/jaleco-para-esteticista-guia","/jaleco-feminino","jaleco feminino","high"
"/blog/jaleco-para-esteticista-guia","/jaleco-masculino","jaleco masculino","medium"
"/blog/jaleco-para-fisioterapeuta-guia","/jaleco","jaleco profissional","medium"
"/blog/jaleco-para-fisioterapeuta-guia","/jaleco-feminino","jaleco feminino","high"
"/blog/jaleco-para-fisioterapeuta-guia","/jaleco-masculino","jaleco masculino","medium"
"/blog/jaleco-para-formatura-medicina","/jaleco","jaleco profissional","medium"
"/blog/jaleco-para-formatura-medicina","/jaleco-feminino","jaleco feminino","high"
"/blog/jaleco-para-formatura-medicina","/jaleco-masculino","jaleco masculino","medium"
"/blog/jaleco-para-medica-guia-completo","/jaleco","jaleco profissional","medium"
"/blog/jaleco-para-medica-guia-completo","/jaleco-feminino","jaleco feminino","high"
"/blog/jaleco-para-medica-guia-completo","/jaleco-masculino","jaleco masculino","medium"
"/blog/jaleco-para-nutricionista-consultorio","/jaleco","jaleco profissional","medium"
"/blog/jaleco-para-nutricionista-consultorio","/jaleco-feminino","jaleco feminino","high"
"/blog/jaleco-para-nutricionista-consultorio","/jaleco-masculino","jaleco masculino","medium"
"/blog/jaleco-para-psicologa-guia","/jaleco","jaleco profissional","medium"
"/blog/jaleco-para-psicologa-guia","/jaleco-feminino","jaleco feminino","high"
"/blog/jaleco-para-psicologa-guia","/jaleco-masculino","jaleco masculino","medium"
"/blog/jaleco-para-veterinaria-guia","/jaleco","jaleco profissional","medium"
"/blog/jaleco-para-veterinaria-guia","/jaleco-feminino","jaleco feminino","high"
"/blog/jaleco-para-veterinaria-guia","/jaleco-masculino","jaleco masculino","medium"
"/blog/jaleco-plus-size-feminino-guia","/jaleco","jaleco profissional","medium"
"/blog/jaleco-plus-size-feminino-guia","/jaleco-feminino","jaleco feminino","high"
"/blog/jaleco-plus-size-feminino-guia","/jaleco-masculino","jaleco masculino","medium"
"/blog/jaleco-slim-feminino","/jaleco","jaleco profissional","medium"
"/blog/jaleco-slim-feminino","/jaleco-feminino","jaleco feminino","high"
"/blog/jaleco-slim-feminino","/jaleco-masculino","jaleco masculino","medium"
"/blog/jaleco-slim-vs-jaleco-reto-diferencas","/jaleco","jaleco profissional","medium"
"/blog/jaleco-slim-vs-jaleco-reto-diferencas","/jaleco-feminino","jaleco feminino","high"
"/blog/jaleco-slim-vs-jaleco-reto-diferencas","/jaleco-masculino","jaleco masculino","medium"
"/blog/melhores-tecidos-scrub-feminino","/jaleco","jaleco profissional","low"
"/blog/melhores-tecidos-scrub-feminino","/jaleco-feminino","jaleco feminino","low"
"/blog/melhores-tecidos-scrub-feminino","/jaleco-masculino","jaleco masculino","low"
"/blog/o-que-e-jaleco","/jaleco","jaleco profissional","medium"
"/blog/o-que-e-jaleco","/jaleco-feminino","jaleco feminino","high"
"/blog/o-que-e-jaleco","/jaleco-masculino","jaleco masculino","medium"
"/blog/onde-comprar-jaleco-online","/jaleco","jaleco profissional","medium"
"/blog/onde-comprar-jaleco-online","/jaleco-feminino","jaleco feminino","high"
"/blog/onde-comprar-jaleco-online","/jaleco-masculino","jaleco masculino","medium"
"/blog/onde-comprar-scrub-feminino","/jaleco","jaleco profissional","low"
"/blog/onde-comprar-scrub-feminino","/jaleco-feminino","jaleco feminino","low"
"/blog/onde-comprar-scrub-feminino","/jaleco-masculino","jaleco masculino","low"
"/blog","/jaleco","jaleco profissional","medium"
"/blog","/jaleco-feminino","jaleco feminino","medium"
"/blog","/jaleco-masculino","jaleco masculino","medium"
"/blog/pijama-cirurgico-guia-completo","/jaleco","jaleco profissional","medium"
"/blog/pijama-cirurgico-guia-completo","/jaleco-feminino","jaleco feminino","medium"
"/blog/pijama-cirurgico-guia-completo","/jaleco-masculino","jaleco masculino","medium"
"/blog/scrub-feminino-acinturado","/jaleco","jaleco profissional","low"
"/blog/scrub-feminino-acinturado","/jaleco-feminino","jaleco feminino","low"
"/blog/scrub-feminino-acinturado","/jaleco-masculino","jaleco masculino","low"
"/blog/scrub-feminino-colorido","/jaleco","jaleco profissional","medium"
"/blog/scrub-feminino-colorido","/jaleco-feminino","jaleco feminino","medium"
"/blog/scrub-feminino-colorido","/jaleco-masculino","jaleco masculino","medium"
"/blog/scrub-feminino-gravidas","/jaleco","jaleco profissional","low"
"/blog/scrub-feminino-gravidas","/jaleco-feminino","jaleco feminino","low"
"/blog/scrub-feminino-gravidas","/jaleco-masculino","jaleco masculino","low"
"/blog/scrub-feminino-guia-completo","/jaleco","jaleco profissional","medium"
"/blog/scrub-feminino-guia-completo","/jaleco-feminino","jaleco feminino","medium"
"/blog/scrub-feminino-guia-completo","/jaleco-masculino","jaleco masculino","medium"
"/blog/scrub-feminino-plus-size","/jaleco","jaleco profissional","medium"
"/blog/scrub-feminino-plus-size","/jaleco-feminino","jaleco feminino","medium"
"/blog/scrub-feminino-plus-size","/jaleco-masculino","jaleco masculino","medium"
"/blog/tabela-medidas-scrub-feminino","/jaleco","jaleco profissional","medium"
"/blog/tabela-medidas-scrub-feminino","/jaleco-feminino","jaleco feminino","medium"
"/blog/tabela-medidas-scrub-feminino","/jaleco-masculino","jaleco masculino","medium"
"/blog/tecidos-para-jaleco-profissional","/jaleco","jaleco profissional","medium"
"/blog/tecidos-para-jaleco-profissional","/jaleco-feminino","jaleco feminino","high"
"/blog/tecidos-para-jaleco-profissional","/jaleco-masculino","jaleco masculino","medium"
"/blog/tipos-de-jaleco","/jaleco","jaleco profissional","medium"
"/blog/tipos-de-jaleco","/jaleco-feminino","jaleco feminino","high"
"/blog/tipos-de-jaleco","/jaleco-masculino","jaleco masculino","medium"
"/cidade/[slug]","/jaleco","jaleco profissional","medium"
"/cidade/[slug]","/jaleco-feminino","jaleco feminino","high"
"/cidade/[slug]","/jaleco-masculino","jaleco masculino","medium"
"app/cidade/[slug]/page.tsx","/jaleco-feminino + /jaleco-masculino","jaleco feminino, jaleco masculino","high"